{
    "allSavedSpawnPoints": [
        {
            "objectID": "537ea02e-c5ef-43a0-a697-49e1a5834949",
            "priority": 6
        },
        {
            "objectID": "5d5975c6-8add-4b8d-9b00-59c56be31ba7",
            "priority": 0
        },
        {
            "objectID": "d03191d4-238e-4a65-aa1f-b92f6a313549",
            "priority": 6
        },
        {
            "objectID": "48e3b145-624e-4637-adf0-9db6cd0d4204",
            "priority": 0
        },
        {
            "objectID": "fa6acd4e-3615-4e5c-9ffa-ebc624cf1b01",
            "priority": 5
        },
        {
            "objectID": "3c7a7f97-ff95-4e69-889c-19f120382b81",
            "priority": 6
        },
        {
            "objectID": "553e5dce-0941-42f9-9ae5-8122f54b145c",
            "priority": 6
        },
        {
            "objectID": "a142c930-dfe2-4c89-8492-ae13c99a27ba",
            "priority": -1
        },
        {
            "objectID": "7a5c2205-2647-4c39-9074-c012614210be",
            "priority": 4
        },
        {
            "objectID": "5614e674-5977-4911-8eca-4affd283f58c",
            "priority": 6
        },
        {
            "objectID": "9d099ac4-6d0e-42fa-8759-0bb60305c646",
            "priority": 6
        },
        {
            "objectID": "e44a9e8b-2688-4c3e-9fc7-e4ff1f6322cf",
            "priority": 5
        },
        {
            "objectID": "c4098fc5-3093-42ab-8c99-71c144617dab",
            "priority": 5
        },
        {
            "objectID": "d46ae199-b75c-444d-aef8-228174a1eb4d",
            "priority": 6
        },
        {
            "objectID": "194f4b89-07ff-46c8-b537-1bdf5b434195",
            "priority": 6
        },
        {
            "objectID": "4b11bbe9-10fa-4e08-b9c5-dda9f7eeb9b0",
            "priority": 6
        },
        {
            "objectID": "139338a6-fe29-4979-ab9d-eaa622d40363",
            "priority": 6
        },
        {
            "objectID": "c0b91355-9313-41d5-aeaa-3b20259881bf",
            "priority": 7
        },
        {
            "objectID": "17649577-0ea4-4414-a7f1-bdb08dfce01e",
            "priority": 0
        },
        {
            "objectID": "074b9cf4-1210-42f0-9553-83e64da7d53a",
            "priority": 0
        },
        {
            "objectID": "816cf116-4f89-4f6f-9db5-f0deb4a08e85",
            "priority": 6
        },
        {
            "objectID": "5f0f0401-6d29-4708-9ed1-8b3de16a2a33",
            "priority": 6
        },
        {
            "objectID": "6064f2bb-9681-473d-82f1-16f3269e0442",
            "priority": 6
        },
        {
            "objectID": "a6f43dc0-67d2-4301-8246-4743112927ff",
            "priority": 6
        },
        {
            "objectID": "8dbc47b1-5d62-456f-9be4-6eb19343f99f",
            "priority": 5
        },
        {
            "objectID": "3f3954d9-7f4c-4866-84e9-c12dbfb68766",
            "priority": 6
        },
        {
            "objectID": "3be664ba-3eae-4db8-803a-a9f6655983a5",
            "priority": 6
        },
        {
            "objectID": "d91a94d3-2aab-4dca-87c8-1c06a74bb089",
            "priority": 0
        },
        {
            "objectID": "0aa8b4c8-293d-4a23-9038-a9c579fcc198",
            "priority": 6
        },
        {
            "objectID": "f6e4a411-8a69-423a-8aac-78479e96c5c1",
            "priority": 6
        },
        {
            "objectID": "979f687c-95bf-49a6-af53-590b7db93e36",
            "priority": 6
        },
        {
            "objectID": "81184069-778a-42a0-8ec8-ca8dc85ff639",
            "priority": 0
        },
        {
            "objectID": "a412d5f3-411b-43d8-8605-bc25c04d920d",
            "priority": 6
        },
        {
            "objectID": "402fc848-512f-47f0-8561-598cfdda1a44",
            "priority": 5
        },
        {
            "objectID": "c0a77bed-4cb5-486f-b108-a9cff6da8229",
            "priority": 5
        },
        {
            "objectID": "e9ee2576-898b-4bde-9991-36e0855d4dbe",
            "priority": 6
        },
        {
            "objectID": "fad1b8b1-207e-4bec-ad1e-7e03cb375c78",
            "priority": 6
        },
        {
            "objectID": "0f873f40-3573-4a1e-b8cb-55cc83e6ded5",
            "priority": 6
        },
        {
            "objectID": "8966d280-8b11-48d5-8b34-03c301b35241",
            "priority": 6
        },
        {
            "objectID": "ce0a21d6-f936-4c7c-b9c4-abbca59bc7f0",
            "priority": 6
        },
        {
            "objectID": "159a3bb1-1dbd-4135-9599-67bd540e2795",
            "priority": 6
        },
        {
            "objectID": "573517e5-c427-48f1-ab70-7d6542a4e578",
            "priority": 6
        },
        {
            "objectID": "feecb610-cc10-46f0-a333-596747572029",
            "priority": 6
        },
        {
            "objectID": "2ecc15f2-e748-437a-a60c-eb5a62e4906b",
            "priority": 6
        },
        {
            "objectID": "55c13392-83c6-41bd-8ac6-f290d3f42819",
            "priority": 6
        },
        {
            "objectID": "419d5b76-17c3-47b4-a119-625358544c59",
            "priority": 6
        },
        {
            "objectID": "bec979c3-c942-494f-a314-d9c3bdc708bd",
            "priority": 5
        },
        {
            "objectID": "ad5ac0a1-6fb6-4fc0-8de9-e33041a15221",
            "priority": 7
        },
        {
            "objectID": "c6ae8ffa-471e-4d65-904a-becd8f9a8776",
            "priority": 6
        },
        {
            "objectID": "a42a815b-6b56-43cc-858b-1f6a9afb9252",
            "priority": 0
        },
        {
            "objectID": "22e44b09-9526-4859-8795-61a174b1acd6",
            "priority": 6
        },
        {
            "objectID": "486da3a0-1d42-41a4-9fa6-6e13b75e87b5",
            "priority": 6
        },
        {
            "objectID": "92eb4ccc-5dea-4e78-80ea-c42900df9ecc",
            "priority": 6
        },
        {
            "objectID": "aa278741-1f91-409a-92ba-ed405f5cb788",
            "priority": 6
        },
        {
            "objectID": "dbfc2af8-cda5-4777-a97f-e358c38dda44",
            "priority": 6
        },
        {
            "objectID": "f04284ec-006e-4a97-ad6a-b11399436015",
            "priority": 6
        },
        {
            "objectID": "9bc344c4-876d-4cc8-b0f3-8a0757b517f2",
            "priority": 5
        },
        {
            "objectID": "ccf067fb-7f9c-4970-b4fe-edd34892aae9",
            "priority": 5
        },
        {
            "objectID": "cbde161e-e6a2-4f09-962d-670e53d9cb21",
            "priority": 7
        },
        {
            "objectID": "715cf2d4-f118-4a7e-83a3-7c7ac7e895c8",
            "priority": 6
        },
        {
            "objectID": "c2a42873-4bdc-477c-ae3d-1d555ab2ff7f",
            "priority": 0
        },
        {
            "objectID": "04076191-6c4e-4609-868c-469cea36b581",
            "priority": 5
        },
        {
            "objectID": "b345747e-64e2-480b-a125-0e4d9c03c726",
            "priority": 7
        },
        {
            "objectID": "78a9d874-539d-434d-9cf6-b6361f760a75",
            "priority": 6
        },
        {
            "objectID": "c3554729-3696-4556-bca4-5bde876c09fc",
            "priority": 6
        },
        {
            "objectID": "a84f044d-7536-449c-9e17-32f37780fb82",
            "priority": 6
        },
        {
            "objectID": "b8d51505-ef31-4316-9aed-b92d7d485689",
            "priority": 6
        },
        {
            "objectID": "01210bf3-fec8-44e5-9f3c-2f6ae509944b",
            "priority": 6
        },
        {
            "objectID": "018c6d64-6a22-4672-a2ca-288e01716bc0",
            "priority": 6
        },
        {
            "objectID": "79f28239-b0fc-470f-95df-1bf6149b656d",
            "priority": 6
        },
        {
            "objectID": "ca8e4397-86a2-4d6c-a004-4350cbe54dd3",
            "priority": 5
        },
        {
            "objectID": "abaf7fc0-5747-42f4-b468-cadadaaf3699",
            "priority": -1
        },
        {
            "objectID": "ede3dd19-3050-492f-bba3-5657ff1fd42f",
            "priority": 5
        },
        {
            "objectID": "60f5121b-db29-4fcf-8e05-686e4a250d01",
            "priority": 7
        },
        {
            "objectID": "a0b273bb-9945-4ffd-962b-72b872c17bf7",
            "priority": 6
        },
        {
            "objectID": "5116a49a-55b7-413b-95f1-1386ba467e34",
            "priority": 6
        },
        {
            "objectID": "af8ce7ee-f7fa-466b-81c1-23fce51a5a3d",
            "priority": 6
        },
        {
            "objectID": "3ac0f0c5-93f3-4bbe-819c-ba0aba5f7368",
            "priority": 7
        },
        {
            "objectID": "db49af95-e98a-4726-8779-5e43f13f4b7e",
            "priority": 6
        },
        {
            "objectID": "b7b8c936-f857-456b-936e-522e923e8a06",
            "priority": 6
        },
        {
            "objectID": "59e9eee6-8a92-4bb0-baae-a9ee9be394fe",
            "priority": 5
        },
        {
            "objectID": "7438d5d6-9816-4e4e-9351-e1abdd30d4ef",
            "priority": 0
        },
        {
            "objectID": "b0a6baf2-6b7f-47a1-83fd-d142b1891cee",
            "priority": 6
        },
        {
            "objectID": "759f66d2-b7f9-431a-9900-5d7ba3231440",
            "priority": 6
        },
        {
            "objectID": "5c7c66be-80b9-4c4d-ac2b-f50d80ac6977",
            "priority": 6
        },
        {
            "objectID": "43cfa072-dbdd-412f-bc47-0cab7e142b9a",
            "priority": 6
        },
        {
            "objectID": "a084e629-8c6f-481f-b65e-a00e4695174f",
            "priority": 6
        },
        {
            "objectID": "cabd78a7-8134-4afb-a0ce-35a9c236572c",
            "priority": 6
        },
        {
            "objectID": "f8c837eb-a0dd-4c7c-b0b8-214f591fc80a",
            "priority": 6
        },
        {
            "objectID": "55f3a7b7-1970-4065-a61d-e598b97d5585",
            "priority": 6
        },
        {
            "objectID": "e8a9b5ad-c0a9-4ff4-8516-7f8b85fcce2d",
            "priority": 6
        },
        {
            "objectID": "a9766b7e-6e8e-4a1b-98ae-83046057da22",
            "priority": 6
        },
        {
            "objectID": "c6a9a76e-cf6e-4184-a705-b46981a1178d",
            "priority": 5
        },
        {
            "objectID": "9fb4f2f2-d65e-476e-becb-1fee326133b6",
            "priority": 6
        },
        {
            "objectID": "6fabd3de-2960-447f-9a89-2905b0890d90",
            "priority": 5
        },
        {
            "objectID": "29b2ae3a-367a-4c8b-bc83-8db21a2defb3",
            "priority": 6
        },
        {
            "objectID": "de10aeb8-3bb3-48a1-a6ec-fe87c77e02d3",
            "priority": 6
        },
        {
            "objectID": "1733c086-2d0b-44bb-98c9-d3594e29adb1",
            "priority": 5
        },
        {
            "objectID": "dedfef1b-ddb0-40e8-b9f6-09ac584b7436",
            "priority": 7
        },
        {
            "objectID": "b6ab75c1-f598-4906-8c54-3ca17b504266",
            "priority": 6
        },
        {
            "objectID": "47faa5e6-276a-4275-8c50-816a8925bea4",
            "priority": 6
        },
        {
            "objectID": "48594b3e-6fe6-46f6-b84f-0157fbccb406",
            "priority": 0
        },
        {
            "objectID": "00e16588-12fc-4e23-98e2-d9ea52150ce5",
            "priority": 6
        },
        {
            "objectID": "5e7f9ffb-d153-445e-b14c-981953a3ed9e",
            "priority": 6
        },
        {
            "objectID": "b29d7f39-257d-48f1-82e5-dff59e3c33a1",
            "priority": 5
        },
        {
            "objectID": "a1849817-ff65-40cb-8056-f458e5fe829d",
            "priority": 6
        },
        {
            "objectID": "1f8a3250-6b98-4428-9b48-88d976847db0",
            "priority": 4
        },
        {
            "objectID": "1a67d036-7fc6-42ba-9086-ee0789f74bc3",
            "priority": -1
        },
        {
            "objectID": "e40bd4e9-5c90-4a84-8ea2-9ca5c3c0a8bf",
            "priority": 6
        },
        {
            "objectID": "a126cb21-c295-43e5-a183-4d3edd884fae",
            "priority": -1
        },
        {
            "objectID": "06e171d9-985b-45d1-92bd-2f7376e5090c",
            "priority": 6
        },
        {
            "objectID": "c8006bb5-d39d-40e0-86a0-ef5d9b3d3ad4",
            "priority": 5
        },
        {
            "objectID": "c0aa0562-8721-403c-ad71-3506c1e53e12",
            "priority": 0
        },
        {
            "objectID": "ac4aa4b6-e26a-4a65-a023-4d18e75f2ef1",
            "priority": 6
        },
        {
            "objectID": "9f82d292-6712-432d-be76-5d0b22e38421",
            "priority": 5
        },
        {
            "objectID": "23c62129-0013-42e9-95c0-e868c98c421a",
            "priority": 5
        },
        {
            "objectID": "89ef8237-7957-48ca-aa7c-a871dec54da8",
            "priority": 6
        },
        {
            "objectID": "c0ef00dc-87c1-4819-9194-da56dddf86a8",
            "priority": 6
        },
        {
            "objectID": "26370346-f774-4428-a9e7-f373cfc8398a",
            "priority": 0
        },
        {
            "objectID": "18dd5b87-f9d7-422f-918c-d02974c682ea",
            "priority": 6
        },
        {
            "objectID": "cd0fc2da-f244-4169-9fe6-1298daf769f2",
            "priority": 5
        },
        {
            "objectID": "9ccbc70d-87b7-4693-922a-645df89799b5",
            "priority": 5
        },
        {
            "objectID": "f0e5b97f-dbcc-4105-94e5-11523db80811",
            "priority": 6
        },
        {
            "objectID": "163e0128-a270-4dfb-b395-7e820486d1d0",
            "priority": 6
        },
        {
            "objectID": "dbb1a347-724b-45f3-b83e-82ae8b99afdc",
            "priority": 5
        },
        {
            "objectID": "a73d739e-568c-448b-bbc7-0cc7073ed631",
            "priority": 5
        },
        {
            "objectID": "f971a0ad-7d08-43a2-a8a4-d821656bc814",
            "priority": 6
        },
        {
            "objectID": "fe29bcc2-2bd0-4f5b-a1e4-a4515485302c",
            "priority": 5
        },
        {
            "objectID": "1fd18dbd-39ff-49c2-9bc1-bfa65dd0b515",
            "priority": 7
        },
        {
            "objectID": "d3bc2cad-fa50-4ba1-bdad-02ca41cef5c7",
            "priority": 6
        },
        {
            "objectID": "80e94048-5ec1-45cf-869b-7429b86ff384",
            "priority": 0
        },
        {
            "objectID": "f589f603-2e63-494e-8952-39c11ffd05ac",
            "priority": 5
        },
        {
            "objectID": "aadd8607-2c59-4170-8244-b374ad92b248",
            "priority": 6
        },
        {
            "objectID": "dd3d7737-7c4f-4851-b3a0-b4cc84aa1b4c",
            "priority": 6
        },
        {
            "objectID": "f23334cc-f0d7-4c40-9c4e-fafd1cd8af8e",
            "priority": 6
        },
        {
            "objectID": "79cb3a6b-56e3-414a-b581-b57da8273544",
            "priority": 0
        },
        {
            "objectID": "01d68c62-2721-4470-86ba-878b8e4b0262",
            "priority": 5
        },
        {
            "objectID": "b7885386-7c87-4608-a346-0a7b93c0afe2",
            "priority": 7
        },
        {
            "objectID": "711b9c18-e3f8-4174-899b-037ea97aaa29",
            "priority": 5
        },
        {
            "objectID": "352033c0-2038-4eb1-acf2-c10b0a8eefb3",
            "priority": 6
        },
        {
            "objectID": "3c8d2b53-58c3-480c-a657-11662e5ce5f3",
            "priority": 6
        },
        {
            "objectID": "043aa9f6-901b-45a5-bacd-ec84f74ab457",
            "priority": 5
        },
        {
            "objectID": "41a425fb-4cf5-4e6b-9e50-87aa000123b4",
            "priority": 6
        },
        {
            "objectID": "ec7804bd-438c-496e-8ddd-18fa9967ab7e",
            "priority": 6
        },
        {
            "objectID": "f0b87284-b7c6-4cc9-bf41-f4bded4bba56",
            "priority": 0
        },
        {
            "objectID": "91ae276f-2302-49b3-b21b-7f8bbc86ef82",
            "priority": 6
        },
        {
            "objectID": "e443364f-933c-488d-845e-a7731a3a0cbb",
            "priority": 0
        },
        {
            "objectID": "bade64ea-e766-4935-bd50-d61f061a2e1b",
            "priority": 6
        },
        {
            "objectID": "d0f07a2b-c832-4dc8-badf-9d32c2eb1fad",
            "priority": 6
        },
        {
            "objectID": "e5cb0ef3-2c05-4dc5-8f49-9f88b46bee82",
            "priority": 6
        },
        {
            "objectID": "dfe6b289-03af-4085-97c2-496f31aa8b5e",
            "priority": 6
        },
        {
            "objectID": "ae4852d2-fb88-417f-9a50-3d1219b7c7c4",
            "priority": 6
        },
        {
            "objectID": "3e51294a-35a3-4a88-b3ef-ca33f943fb23",
            "priority": 6
        },
        {
            "objectID": "59f35bf6-9064-4329-b0dc-fe67d05bad1e",
            "priority": 6
        },
        {
            "objectID": "990ba1fb-72d2-4bea-b2d5-c50e3d1e4d4b",
            "priority": 7
        },
        {
            "objectID": "82d48167-6c54-448f-ba65-afc80ca33f4d",
            "priority": 6
        },
        {
            "objectID": "6f2681ea-4a10-43a4-8016-02926f58832a",
            "priority": 5
        },
        {
            "objectID": "8934b919-e2ad-458f-b31b-d2a1d82eb9e6",
            "priority": 6
        },
        {
            "objectID": "eb5e2198-f014-416c-b98d-4341c855ddec",
            "priority": 6
        },
        {
            "objectID": "7a599f30-33f3-4a97-a6e2-46a1ab13525f",
            "priority": 6
        },
        {
            "objectID": "1ca7ee37-0510-4325-bd81-336908a444b3",
            "priority": 6
        },
        {
            "objectID": "93ec1ee4-eba6-4608-ae63-6bea45273b00",
            "priority": 0
        },
        {
            "objectID": "3958a738-fce2-4554-bd97-17d2eedfaafc",
            "priority": 0
        },
        {
            "objectID": "0fc88350-b18f-4852-acc0-54e443185c24",
            "priority": 5
        },
        {
            "objectID": "4ecaa1da-3a21-452b-9c83-9c8cd2db87ec",
            "priority": 5
        },
        {
            "objectID": "567c2822-f368-47fe-9be2-c7687652f14e",
            "priority": 6
        },
        {
            "objectID": "30aa6f42-c475-4294-939b-dcdfca405b44",
            "priority": 6
        },
        {
            "objectID": "08a5b000-9bea-408c-9361-b6e7647e1119",
            "priority": 6
        },
        {
            "objectID": "12f9ebc1-b6ff-4644-9428-51b07b77e7a4",
            "priority": 5
        },
        {
            "objectID": "ab220dfa-0a93-488d-9ea8-dbf808a17590",
            "priority": 0
        },
        {
            "objectID": "e6741706-7da6-4611-9101-425a49b65810",
            "priority": 6
        },
        {
            "objectID": "51db9d36-dcc5-4fe9-b877-cb3b15307a6b",
            "priority": 5
        },
        {
            "objectID": "465158f0-c102-4751-b6e5-61acd5e8076f",
            "priority": 6
        },
        {
            "objectID": "6a59588c-8aa3-40ae-b4df-d6711b4fa0f3",
            "priority": 5
        },
        {
            "objectID": "57762a65-3c47-41c2-9e2a-5c947840c805",
            "priority": 6
        },
        {
            "objectID": "636ab46c-0310-467a-a015-9de4676911b5",
            "priority": 7
        },
        {
            "objectID": "7c91b848-cea0-4cae-ad2a-ca9462f04175",
            "priority": 6
        },
        {
            "objectID": "cd42623a-6f95-4a19-a6e3-310f561354d1",
            "priority": 6
        },
        {
            "objectID": "913e9dae-8d08-4b18-90e0-1d200805dc60",
            "priority": 6
        },
        {
            "objectID": "9262fdf4-98bd-4c1c-9995-e083c681d115",
            "priority": 6
        },
        {
            "objectID": "009a101a-f341-4faa-90e1-644f35755ab1",
            "priority": 6
        },
        {
            "objectID": "307ca3cd-e555-477c-b342-0d31f1c0f913",
            "priority": 0
        },
        {
            "objectID": "b8aaf542-d385-4c9a-becf-9fd8f06cec2b",
            "priority": 5
        },
        {
            "objectID": "da42085d-301d-4ae9-8a04-d2b2376e0a91",
            "priority": 6
        },
        {
            "objectID": "17f042de-0e04-47f6-aa10-cfe98b3dfe3d",
            "priority": 6
        },
        {
            "objectID": "9dc8c8a0-870b-4042-9571-a67cf2f3a600",
            "priority": 6
        },
        {
            "objectID": "2642c551-ad44-42f3-a617-00dce3e86820",
            "priority": 6
        },
        {
            "objectID": "0194fef2-7b9a-4b97-b045-de4a76ec505d",
            "priority": 6
        },
        {
            "objectID": "06cfeea0-bb64-4104-b0ae-586030b59313",
            "priority": 7
        },
        {
            "objectID": "38302cbb-a9ad-4b0f-abae-6f2960956e08",
            "priority": 6
        },
        {
            "objectID": "6c8528e2-4467-4038-a62e-dbfa814bb7c0",
            "priority": 6
        },
        {
            "objectID": "14925b7a-8120-4d93-8fdb-b3b254974851",
            "priority": 6
        },
        {
            "objectID": "a6aed8d4-6048-4e7f-aaf2-4961a2df28ea",
            "priority": 5
        },
        {
            "objectID": "181fee33-8903-4ad6-8c57-de8c561eb19f",
            "priority": 6
        },
        {
            "objectID": "8f9c2f08-0317-4b9a-86a5-d9103d3bbe56",
            "priority": 0
        },
        {
            "objectID": "73a4b0b1-a89b-4ed3-a128-2ae428b606f1",
            "priority": 6
        },
        {
            "objectID": "4e009f39-5b35-4886-a6fc-12c8ec88b7e9",
            "priority": 6
        },
        {
            "objectID": "4e17a483-955c-469d-9ca0-027668ebb444",
            "priority": 6
        },
        {
            "objectID": "cd2d7fd1-bdcd-4fa1-bb80-1750e27282bb",
            "priority": 6
        },
        {
            "objectID": "e69f3a0c-c16f-4d80-858b-7f9d9ba062f1",
            "priority": 6
        },
        {
            "objectID": "ae278404-864e-4009-bd57-177c5d65838e",
            "priority": 5
        },
        {
            "objectID": "cdf6f209-eed3-4ca5-b2bc-55b6249c40c8",
            "priority": 7
        },
        {
            "objectID": "e7cddee9-ddd8-4515-bd5b-79950d2a328e",
            "priority": 5
        },
        {
            "objectID": "b8a6c5b7-92b1-4bee-a650-828db724f7a3",
            "priority": 6
        },
        {
            "objectID": "677f4319-9a77-4326-94ec-014ef06b71e1",
            "priority": 6
        },
        {
            "objectID": "cd6d13a8-99f7-4754-8598-655093d469af",
            "priority": 7
        },
        {
            "objectID": "afac0092-5425-46a9-8f7d-f822499098a2",
            "priority": 6
        },
        {
            "objectID": "5cb0f5dc-4ea5-4669-80bd-d961962f994e",
            "priority": 6
        },
        {
            "objectID": "ff02609f-7369-4b2d-8818-5c88782af10c",
            "priority": 6
        },
        {
            "objectID": "99ae57a9-5607-4360-ae84-44000dd973c8",
            "priority": 0
        },
        {
            "objectID": "3566722f-8f41-4351-a2eb-1efa8f3a5b60",
            "priority": 7
        },
        {
            "objectID": "34f712e6-6b01-4694-80fa-2bcca84bc30f",
            "priority": 6
        },
        {
            "objectID": "ff67c564-4090-4b40-ab66-91b1a87269b5",
            "priority": 6
        },
        {
            "objectID": "18e113ef-752c-4c8f-8866-6ba099b641ec",
            "priority": 0
        },
        {
            "objectID": "a567d136-e8f5-4591-a735-69d08649030f",
            "priority": 6
        },
        {
            "objectID": "c44aaa1e-1cd3-4e2b-83ab-d011891fe712",
            "priority": 6
        },
        {
            "objectID": "336277e8-4f06-4669-bb2e-b1828fc961cf",
            "priority": 6
        },
        {
            "objectID": "e244c435-cad0-428c-b2b4-fcc02f683960",
            "priority": 6
        },
        {
            "objectID": "8ce5fecb-a93f-4711-8a80-b28c57ab3dcb",
            "priority": 5
        },
        {
            "objectID": "986a8e73-d059-4353-bf7f-18f3757c8416",
            "priority": 6
        },
        {
            "objectID": "eb7c3014-66ed-4b99-83d5-24907dc96577",
            "priority": 6
        },
        {
            "objectID": "6e524e7a-5323-46b8-9afc-cd924f93da3f",
            "priority": 5
        },
        {
            "objectID": "57b8faec-03fc-4a23-9efd-7720d716cae7",
            "priority": 6
        },
        {
            "objectID": "72928826-ac8a-42ca-be3a-9f3ac76f8a87",
            "priority": 6
        },
        {
            "objectID": "e8b70fa9-e716-4e8e-bc61-7cab03396b3f",
            "priority": 5
        },
        {
            "objectID": "5c7b3f37-49cc-4122-a673-8956326abb95",
            "priority": 6
        },
        {
            "objectID": "e9f1b570-ad3e-4646-b1bc-4e26c3ccb85a",
            "priority": 6
        },
        {
            "objectID": "0d58ab04-b0e4-4bcb-8bbb-9ef9e8d82151",
            "priority": 5
        },
        {
            "objectID": "ea1f7613-ad79-4385-a71e-1e8329508631",
            "priority": 6
        },
        {
            "objectID": "ea2c81d8-edaf-446c-869e-1406f681b55a",
            "priority": 6
        },
        {
            "objectID": "cac3c689-0446-425a-afde-91fcfb8f4461",
            "priority": 5
        },
        {
            "objectID": "cfc519c3-d525-47e6-b88e-85a75c7c6058",
            "priority": 5
        },
        {
            "objectID": "f3a85666-6fa6-499b-9fcc-8f8b69fc7e33",
            "priority": 6
        },
        {
            "objectID": "3c634951-21c8-4326-84a4-3e51f805c9d6",
            "priority": 6
        },
        {
            "objectID": "453abf0f-1b76-42e6-b83e-ef0e6b5204dd",
            "priority": 6
        },
        {
            "objectID": "a3f36742-a7f5-48fc-a72f-585cfe228de1",
            "priority": 5
        },
        {
            "objectID": "3d36b8e2-ff93-41a3-937f-ffc263acede2",
            "priority": 6
        },
        {
            "objectID": "a582a82a-8166-4ec3-a456-149880d555cb",
            "priority": 6
        },
        {
            "objectID": "e941a599-e03c-44fb-a341-030359df762d",
            "priority": 7
        },
        {
            "objectID": "a89e75b3-cdaf-4288-83ba-ae38fc389ceb",
            "priority": 7
        },
        {
            "objectID": "52fb8bbf-8b79-4dab-a24a-00f1249f2470",
            "priority": 6
        },
        {
            "objectID": "d0c4dac4-872e-4f5c-84a7-7b004349d840",
            "priority": 5
        },
        {
            "objectID": "6c344c4d-d804-4046-a61b-c44070bfe8d6",
            "priority": 6
        },
        {
            "objectID": "dc997b42-60cc-4a0d-9954-f1da92d4bf58",
            "priority": 6
        },
        {
            "objectID": "9cf570e5-3e51-4c8c-9f42-505c250b54d1",
            "priority": 6
        },
        {
            "objectID": "992a18fc-1f95-4c8a-bae7-17cf6b2ab677",
            "priority": 0
        },
        {
            "objectID": "7b748e92-d92b-4725-8903-6ddd3c84d538",
            "priority": 7
        },
        {
            "objectID": "2d638c25-c640-45c6-85ca-543896cfac8f",
            "priority": 6
        },
        {
            "objectID": "36a22fe7-f896-4e6c-9e0e-d1d29d204845",
            "priority": 0
        },
        {
            "objectID": "1232d1db-79c2-4d88-b40b-a130d87048e6",
            "priority": -1
        },
        {
            "objectID": "14063980-62e1-486c-8eb3-2529f88e3d16",
            "priority": 0
        },
        {
            "objectID": "a5615d8d-b1c5-4673-9c83-91215caf6ac7",
            "priority": 6
        },
        {
            "objectID": "047a27e0-e35e-4c73-9703-b50e8d87b3fb",
            "priority": 5
        },
        {
            "objectID": "df97ee00-1ade-46bf-a736-958dc7760b61",
            "priority": 0
        },
        {
            "objectID": "04156494-ab3c-4b0f-ba4e-aee580eb918b",
            "priority": 6
        },
        {
            "objectID": "f1a51449-bc5c-44df-807f-d590d714c355",
            "priority": 0
        },
        {
            "objectID": "10a37e7d-68c6-4b49-97e5-a2f763bebf01",
            "priority": 6
        },
        {
            "objectID": "0e9ffa64-02a5-4934-bcf3-c5465426a859",
            "priority": 0
        },
        {
            "objectID": "6169794d-0af4-4f16-81b8-b61e673fa4a9",
            "priority": 6
        },
        {
            "objectID": "345a3df2-6edd-4bb3-befe-259893719438",
            "priority": 6
        },
        {
            "objectID": "29c1d59b-b84c-49d1-9959-32728769871f",
            "priority": 6
        },
        {
            "objectID": "f60be4d6-3d76-46fa-b303-738ab6e5a097",
            "priority": 5
        },
        {
            "objectID": "fd7519c9-267d-4106-a1f4-b4c70de818c8",
            "priority": 0
        },
        {
            "objectID": "57ebc91a-6b1f-4fe4-b2e9-ca2b81124fe0",
            "priority": 6
        },
        {
            "objectID": "8de14539-1c5c-40c8-b372-c4394c42f77b",
            "priority": 6
        },
        {
            "objectID": "cd7d391c-8441-4e16-8ed6-e85b503e1b4a",
            "priority": 0
        },
        {
            "objectID": "12fa70dc-7452-479f-aa44-c95e00290a59",
            "priority": 7
        },
        {
            "objectID": "bfba88f0-8a33-4f2c-a2fb-43ae39fce0b2",
            "priority": 6
        },
        {
            "objectID": "60a5e6b7-88af-4448-86a6-fd101f175182",
            "priority": 6
        },
        {
            "objectID": "b541787d-2e9a-4cd8-a814-8be3f1992c5b",
            "priority": 5
        },
        {
            "objectID": "929ada30-c0f3-4d74-a35c-1920a79a15bf",
            "priority": 6
        },
        {
            "objectID": "189e31af-d0cb-43a6-a8e7-f5732dd64fec",
            "priority": 0
        },
        {
            "objectID": "027e4420-f13f-4b4e-8d36-08356b5f8ba6",
            "priority": 0
        },
        {
            "objectID": "a1e0d054-7fda-4753-a534-77da3fefba29",
            "priority": 5
        },
        {
            "objectID": "9dc8d16f-01bd-4af6-87ad-13f47a19dcc0",
            "priority": 0
        },
        {
            "objectID": "69fbfbf6-630e-4ba6-8deb-0809009f9a4d",
            "priority": 6
        },
        {
            "objectID": "16da9b7a-551c-4d00-8d8b-25a739eaafb2",
            "priority": 0
        },
        {
            "objectID": "60f30f89-5bb8-43ec-9731-3f8fcfdbc521",
            "priority": 6
        },
        {
            "objectID": "2f9c7eb3-7e14-492a-888f-2d79db7362f0",
            "priority": 5
        },
        {
            "objectID": "cb6c1558-d0f3-4b3a-a48c-b207ce8b73b9",
            "priority": 6
        },
        {
            "objectID": "d0e5f2a4-6a96-4672-b89a-23e203b3a9fc",
            "priority": 5
        },
        {
            "objectID": "900d5190-f19e-4632-8790-4affda575b1b",
            "priority": 6
        },
        {
            "objectID": "74b56bae-fc02-4f96-8cb1-6b3ba22ae0a0",
            "priority": 6
        },
        {
            "objectID": "759f2bb9-5ee5-40c6-bc64-edd8043b6afa",
            "priority": 6
        },
        {
            "objectID": "1eb2dbe4-5730-477c-b9cb-f5a32f1f500c",
            "priority": 6
        },
        {
            "objectID": "22ab4c32-d7a7-431d-bfb7-0523c6bb16dd",
            "priority": 6
        },
        {
            "objectID": "c54a5a20-6dbf-475b-a761-1fa369d39a13",
            "priority": -1
        },
        {
            "objectID": "b5d61285-fd6c-43c6-8315-cd66c7bbc15e",
            "priority": 5
        },
        {
            "objectID": "51fc0ec5-a929-45ca-8680-4b22b39fcaf1",
            "priority": 6
        },
        {
            "objectID": "bbada420-a23a-4945-8664-6759f127b745",
            "priority": 5
        },
        {
            "objectID": "b6768d99-6fd5-4817-994c-3e0b07672c8b",
            "priority": 5
        },
        {
            "objectID": "07bb7b3d-26c4-422f-8381-b80391dbe204",
            "priority": 6
        },
        {
            "objectID": "1c0fe15d-aed2-44d2-8f69-3096cdf12712",
            "priority": 0
        },
        {
            "objectID": "1e5109fb-8787-446f-8755-15773d889f9a",
            "priority": 7
        },
        {
            "objectID": "6b75040b-ca95-4152-ac6b-7627f0ad622b",
            "priority": 0
        },
        {
            "objectID": "929cae4b-b7b2-408b-ae00-7bbf5a3d713c",
            "priority": -1
        },
        {
            "objectID": "6a9c79f3-f50e-42fc-bcf4-6f08123f2456",
            "priority": 6
        },
        {
            "objectID": "ed273587-fdb0-4453-a40f-ae5c0cbf7871",
            "priority": 7
        },
        {
            "objectID": "f4851e5d-aa5a-45a9-b0ef-89b3604c8aa6",
            "priority": 6
        },
        {
            "objectID": "2bf39506-0b37-47fb-83bc-e44d2b93bbd3",
            "priority": 6
        },
        {
            "objectID": "b37daf4a-182e-44ae-9020-68281fbad96e",
            "priority": 6
        },
        {
            "objectID": "a5a633cf-0705-45c4-8c40-d78ab2da5e1b",
            "priority": -1
        },
        {
            "objectID": "363f761f-4595-4f2a-b6df-7f93ce91f00c",
            "priority": 6
        },
        {
            "objectID": "f49dabbe-69da-41de-b107-afec3485f4c9",
            "priority": 6
        },
        {
            "objectID": "6ecc4099-df81-43b9-89f6-3e93f4522ee2",
            "priority": 6
        },
        {
            "objectID": "5b5a2866-a074-4b15-851b-07d3902196fc",
            "priority": 5
        },
        {
            "objectID": "26dc700c-21ee-4fcd-bdf3-7f416717efa3",
            "priority": 6
        },
        {
            "objectID": "36d5595f-c0a3-4758-abac-fa41fca0616b",
            "priority": 6
        },
        {
            "objectID": "a62b12d8-71c5-4452-a8f8-cc03d68dabfd",
            "priority": 6
        },
        {
            "objectID": "159eb79a-de81-4ba0-a393-775172f3d16b",
            "priority": 6
        },
        {
            "objectID": "5656ac6c-82e1-41fe-a4b3-ce093948fd49",
            "priority": 6
        },
        {
            "objectID": "f84f4699-24fe-46dd-b565-9654a56014a8",
            "priority": 6
        },
        {
            "objectID": "12033ebe-68e1-477a-8fef-27c930212cc2",
            "priority": 7
        },
        {
            "objectID": "416f18b8-32ff-4f5a-9fab-6fb73e421fa9",
            "priority": 7
        },
        {
            "objectID": "96bc96d4-973f-45b8-b883-76ef99406855",
            "priority": 6
        },
        {
            "objectID": "6de2240a-2e94-4d2c-924d-ddafd1bb2afc",
            "priority": 6
        },
        {
            "objectID": "f286e91a-2483-41df-88e2-232952b55846",
            "priority": 5
        },
        {
            "objectID": "c3ef4ee7-666a-408f-bcfc-e8def8360d21",
            "priority": 6
        },
        {
            "objectID": "519fba72-5456-4b04-b9d8-a22eec5f6c10",
            "priority": 6
        },
        {
            "objectID": "d12dbba9-9e5e-4a11-96f1-a1c6ea013d5c",
            "priority": 6
        },
        {
            "objectID": "5e7e0a3c-e287-4dc8-99c4-f1f28edd75d6",
            "priority": 6
        },
        {
            "objectID": "4f792f26-deca-4db2-b3bd-5e7efb34385b",
            "priority": 6
        },
        {
            "objectID": "aa7452a8-9852-4073-8921-17d4a5d9e121",
            "priority": 6
        },
        {
            "objectID": "4fce6e98-6346-4450-babd-20bbb20b81d9",
            "priority": 6
        },
        {
            "objectID": "ff2d32c7-3292-47ac-9c9d-d4f497cb0427",
            "priority": 6
        },
        {
            "objectID": "769d5089-b335-46fe-a2a6-3744fd395b4f",
            "priority": 0
        },
        {
            "objectID": "bec309bc-d457-4499-a724-90b7a210d378",
            "priority": 7
        },
        {
            "objectID": "231f2cca-17d7-40f8-b2a8-0fd0d9c32f79",
            "priority": 6
        },
        {
            "objectID": "76a76c8b-e24c-4bde-b941-272e56352b64",
            "priority": 6
        },
        {
            "objectID": "cd42d0e8-c298-4ec5-9a0f-5fae68af5151",
            "priority": 5
        },
        {
            "objectID": "908b710e-8cfa-4d71-a9b6-8c9eec207ecb",
            "priority": 5
        },
        {
            "objectID": "daf3ebd7-905d-4d04-a033-20d3fc45e0dd",
            "priority": 6
        },
        {
            "objectID": "40d5b979-8967-4bb3-b5a8-b3d7a5a89f69",
            "priority": 6
        },
        {
            "objectID": "43e511dd-6c28-40ac-8ac7-157fb9a24a45",
            "priority": 6
        },
        {
            "objectID": "ac1260f8-3181-452c-8567-394cae47da57",
            "priority": 5
        },
        {
            "objectID": "0dd9d150-8730-446b-8ddc-566629b87966",
            "priority": 0
        },
        {
            "objectID": "cad45e34-0f9f-4833-99e7-daeab6ca3ef3",
            "priority": 6
        },
        {
            "objectID": "855cd75b-9e8e-4e71-be79-9529fd130d3e",
            "priority": 5
        },
        {
            "objectID": "db216f93-0b55-40eb-9731-260771607fb4",
            "priority": 6
        },
        {
            "objectID": "a3ac6723-db31-4bf9-972d-5e8d08db7755",
            "priority": 5
        },
        {
            "objectID": "5da3fe59-ff88-4432-a84d-028eacb7631b",
            "priority": 5
        },
        {
            "objectID": "b1732a23-a0f3-4c47-abb9-2872a7ddc615",
            "priority": 6
        },
        {
            "objectID": "b4b65491-396f-4088-b073-50a4dec15b41",
            "priority": 6
        },
        {
            "objectID": "98f6bdd7-a6c4-496a-b87f-3873d8e1a9e6",
            "priority": 6
        },
        {
            "objectID": "13f45f5a-3e14-45b3-99cb-d22ece286b8f",
            "priority": 5
        },
        {
            "objectID": "f34a1aff-ae14-459a-a73e-f30327688f57",
            "priority": 5
        },
        {
            "objectID": "1f158a62-1046-4278-9389-725115d63327",
            "priority": 5
        },
        {
            "objectID": "54acbed4-df97-4169-8360-451168c0a2cc",
            "priority": 5
        },
        {
            "objectID": "7ed92bbb-7ff1-4bad-82c8-f92645b5db30",
            "priority": 6
        },
        {
            "objectID": "500c2e1b-e5ff-4a85-8d9f-62f17eb2aaee",
            "priority": 6
        },
        {
            "objectID": "1947c8f0-d6df-4f88-9398-d27088682354",
            "priority": 5
        },
        {
            "objectID": "c715d569-54ec-4ca3-b855-ebefea644153",
            "priority": -1
        },
        {
            "objectID": "ce726ec5-8b05-4b1e-8ec1-d53766e5eed9",
            "priority": 7
        },
        {
            "objectID": "ad74b012-c25d-4961-8ff5-7472e97cda98",
            "priority": 0
        },
        {
            "objectID": "bffab3d1-c15f-489c-ad6a-f992331cac98",
            "priority": 6
        },
        {
            "objectID": "a95ef7bd-4a64-4b36-9334-6152ae912cc5",
            "priority": 6
        },
        {
            "objectID": "ea222ec8-4a42-4cee-bc70-5f1bde1fd385",
            "priority": 6
        },
        {
            "objectID": "a094e77f-de96-4c49-96f1-ad7bf0433364",
            "priority": 0
        },
        {
            "objectID": "0af4b81d-6c0f-4a43-af1d-4490e59ab406",
            "priority": -1
        },
        {
            "objectID": "33a9c8e8-149d-40df-a2a5-4317ff064717",
            "priority": 0
        },
        {
            "objectID": "ae85324c-166e-4564-a38a-dffd1c5fd164",
            "priority": 4
        },
        {
            "objectID": "232728b4-5dc1-4f86-9354-5b71b4a6a465",
            "priority": -1
        },
        {
            "objectID": "77f0e5bc-cebc-49b8-9fcd-75520847ec5f",
            "priority": 5
        },
        {
            "objectID": "05f5a395-4726-49a6-b671-1852ee917e95",
            "priority": 5
        },
        {
            "objectID": "471087be-086c-42b5-9af0-45e71481af1f",
            "priority": 6
        },
        {
            "objectID": "b966ba33-e98b-40fd-a83f-ce8fa37f3cd9",
            "priority": 6
        },
        {
            "objectID": "0e39fa00-14e1-466d-a4a6-26d063d42ef4",
            "priority": 6
        },
        {
            "objectID": "391f153b-b737-46c4-8ada-9d093a7f9293",
            "priority": 5
        },
        {
            "objectID": "ab5219eb-8703-4c1f-a2ef-08e13d667bd7",
            "priority": 6
        },
        {
            "objectID": "965404be-29f8-41a9-8b78-a307b1890826",
            "priority": -1
        },
        {
            "objectID": "6571ced9-b168-4d78-90c0-43d737d92701",
            "priority": 0
        },
        {
            "objectID": "13293bb1-a1ce-4f0d-962e-764d7f0256d7",
            "priority": 6
        },
        {
            "objectID": "f63bda19-4112-4364-b9bd-7cee49d37314",
            "priority": 6
        },
        {
            "objectID": "2fa637d8-9d0c-487b-8128-567c96092928",
            "priority": 6
        },
        {
            "objectID": "31ebce44-f630-4603-91f5-cb219584d506",
            "priority": 0
        },
        {
            "objectID": "a60b50e5-3d1f-4f83-9a58-5c9922de8a33",
            "priority": 6
        },
        {
            "objectID": "ca950739-6a28-41dc-9945-de02f1533888",
            "priority": 6
        },
        {
            "objectID": "3ef46944-38d5-4181-bfbc-7b846a87c810",
            "priority": 5
        },
        {
            "objectID": "99f1a840-1bec-4000-bdc1-60b7017ceae4",
            "priority": 6
        },
        {
            "objectID": "f27cc209-3c0d-4b67-b1f0-812c3dbfbda3",
            "priority": 6
        },
        {
            "objectID": "c5c911cb-6a70-4112-af2e-5f6b19c4c83e",
            "priority": 6
        },
        {
            "objectID": "a11f7ea6-790c-4249-8bfd-490fcfe0bca9",
            "priority": 6
        },
        {
            "objectID": "34619058-68df-4abe-a0cd-74244543ed29",
            "priority": 6
        },
        {
            "objectID": "ff7d4aa3-b6c5-461a-be74-3bfabc37ac7c",
            "priority": 6
        },
        {
            "objectID": "92981b90-0c3b-4e1c-889e-5e46039bab64",
            "priority": -1
        },
        {
            "objectID": "ba1d8f36-46ae-4ed2-b917-7d178231a083",
            "priority": 6
        },
        {
            "objectID": "e6abcd85-14e7-4ac8-b7d5-54f36b885c92",
            "priority": 5
        },
        {
            "objectID": "90661b28-a6ef-481e-a535-610e381c319f",
            "priority": 6
        },
        {
            "objectID": "d32bf47f-283e-4cbe-816b-35f1cb7f0ae2",
            "priority": 6
        },
        {
            "objectID": "d0ae4b52-7830-470e-a52a-5368848b23a5",
            "priority": 6
        },
        {
            "objectID": "dfd86892-365b-48c0-9bf7-790fe0259924",
            "priority": 5
        },
        {
            "objectID": "e3d47ba3-eeb7-4878-95a1-303e5d0e85dc",
            "priority": 5
        },
        {
            "objectID": "0bc83efe-41b6-46cb-990a-bbd5a446c21a",
            "priority": 6
        },
        {
            "objectID": "ee31e2b9-a2fe-4aa5-ada4-7a27663a5e3a",
            "priority": 5
        },
        {
            "objectID": "4f7be427-c99e-4075-93a1-8e4649803add",
            "priority": 5
        },
        {
            "objectID": "e86aba3c-1b00-4a5a-aeab-4d3bcafc429f",
            "priority": 5
        },
        {
            "objectID": "515b79ef-8639-4c35-b9dd-d6266ab7e105",
            "priority": 5
        },
        {
            "objectID": "3ef632ca-98ed-4507-bb29-f61994e149b2",
            "priority": 6
        },
        {
            "objectID": "93971d19-4686-4f04-adc5-97dd903bade4",
            "priority": 5
        },
        {
            "objectID": "b8141cbc-04cf-4803-a3ec-757d383b9a95",
            "priority": 6
        },
        {
            "objectID": "3a546ccb-31de-401a-83b8-3948a095037a",
            "priority": 5
        },
        {
            "objectID": "6f63e661-e09e-42db-8d97-8f42eafe3b30",
            "priority": 5
        },
        {
            "objectID": "2e1bd031-57a9-4be2-8f94-a1bbf555eae6",
            "priority": -1
        },
        {
            "objectID": "443cc8bb-c571-4a9f-bed2-7141a47f5aa8",
            "priority": 5
        },
        {
            "objectID": "8706feeb-436b-4f35-9e29-a918b0577a49",
            "priority": 5
        },
        {
            "objectID": "8ea70815-069f-4438-b370-8360c2d22af9",
            "priority": 6
        },
        {
            "objectID": "064670c7-0300-4f97-8818-f489ead1ecbd",
            "priority": 6
        },
        {
            "objectID": "a4259365-8e52-4fad-b65c-0dd7138d93b6",
            "priority": 5
        },
        {
            "objectID": "f002d0f0-f2a7-45d1-9560-df9245f75e17",
            "priority": 0
        },
        {
            "objectID": "4d94b399-0178-4da5-a6a0-8c713b407634",
            "priority": 6
        },
        {
            "objectID": "5a810ba4-3ca0-4a3e-a791-8aa691a1a64c",
            "priority": 6
        }
    ]
}