{
    "presets": [
        {
            "name": "unionpoint",
            "preset": {
                "x": -1364.0,
                "y": 54.98299789428711,
                "z": 1372.0
            }
        },
        {
            "name": "batcave",
            "preset": {
                "x": 99.65880584716797,
                "y": -50.2103385925293,
                "z": -46.20869827270508
            }
        },
        {
            "name": "doortesting",
            "preset": {
                "x": -1482.5557861328125,
                "y": 51.196815490722659,
                "z": -1286.49072265625
            }
        },
        {
            "name": "oldtown",
            "preset": {
                "x": -1394.1190185546875,
                "y": -31.57574462890625,
                "z": -2496.749755859375
            }
        },
        {
            "name": "addersfield",
            "preset": {
                "x": 3287.663330078125,
                "y": -43.600486755371097,
                "z": -894.3609008789063
            }
        },
        {
            "name": "blackrock",
            "preset": {
                "x": 2680.36181640625,
                "y": -56.40800476074219,
                "z": -2946.27197265625
            }
        },
        {
            "name": "sagecreek",
            "preset": {
                "x": 2040.5694580078125,
                "y": 51.473960876464847,
                "z": 1239.3262939453125
            }
        },
        {
            "name": "unionpoint",
            "preset": {
                "x": -939.76123046875,
                "y": 54.973411560058597,
                "z": 813.2296142578125
            }
        },
        {
            "name": "mountbaron",
            "preset": {
                "x": -1528.0,
                "y": 320.0,
                "z": -752.0
            }
        },
        {
            "name": "powerstation",
            "preset": {
                "x": 769.0,
                "y": 70.0,
                "z": 912.0
            }
        },
        {
            "name": "powertest",
            "preset": {
                "x": -1535.8397216796875,
                "y": -33.53345489501953,
                "z": -2506.07958984375
            }
        },
        {
            "name": "farm",
            "preset": {
                "x": 2325.369140625,
                "y": 38.63999938964844,
                "z": -371.8695983886719
            }
        },
        {
            "name": "gas",
            "preset": {
                "x": 3095.465087890625,
                "y": -43.3640022277832,
                "z": -456.3666076660156
            }
        },
        {
            "name": "popov",
            "preset": {
                "x": -1603.4310302734375,
                "y": -33.49234390258789,
                "z": -2377.959228515625
            }
        },
        {
            "name": "forts",
            "preset": {
                "x": 293.8551025390625,
                "y": 77.83678436279297,
                "z": 95.57548522949219
            }
        },
        {
            "name": "rooftesting",
            "preset": {
                "x": 3232.000244140625,
                "y": -43.560707092285159,
                "z": -703.9999389648438
            }
        },
        {
            "name": "church",
            "preset": {
                "x": -1707.643310546875,
                "y": -33.073272705078128,
                "z": -2555.77197265625
            }
        },
        {
            "name": "oldtownhouse",
            "preset": {
                "x": -1571.4833984375,
                "y": -33.51015853881836,
                "z": -2494.106689453125
            }
        },
        {
            "name": "policestation",
            "preset": {
                "x": 3252.45654296875,
                "y": -43.622276306152347,
                "z": -612.4423217773438
            }
        },
        {
            "name": "wide",
            "preset": {
                "x": 2781.5927734375,
                "y": -52.97593307495117,
                "z": -3281.447509765625
            }
        },
        {
            "name": "slidetesting",
            "preset": {
                "x": -1444.4681396484375,
                "y": 194.4698486328125,
                "z": -779.5247192382813
            }
        },
        {
            "name": "campsite1",
            "preset": {
                "x": -1149.2333984375,
                "y": 17.875829696655275,
                "z": -2324.3037109375
            }
        },
        {
            "name": "eacampfire",
            "preset": {
                "x": 1369.81787109375,
                "y": 90.29772186279297,
                "z": 1717.1300048828125
            }
        },
        {
            "name": "eahunting",
            "preset": {
                "x": 1542.4183349609375,
                "y": 96.16523742675781,
                "z": 1746.9842529296875
            }
        },
        {
            "name": "eacinematic",
            "preset": {
                "x": 1226.7254638671875,
                "y": -4.471528053283691,
                "z": 752.1307983398438
            }
        },
        {
            "name": "eadriving1",
            "preset": {
                "x": 1398.684814453125,
                "y": 99.95209503173828,
                "z": 1804.3692626953125
            }
        },
        {
            "name": "eahouse",
            "preset": {
                "x": 2713.12548828125,
                "y": -56.6375732421875,
                "z": -3208.791748046875
            }
        },
        {
            "name": "eadriving2",
            "preset": {
                "x": 1712.077880859375,
                "y": 54.267173767089847,
                "z": -1489.1051025390625
            }
        },
        {
            "name": "eazombie",
            "preset": {
                "x": 2630.119873046875,
                "y": -35.341949462890628,
                "z": -3634.476318359375
            }
        },
        {
            "name": "eazombie1",
            "preset": {
                "x": 2567.552978515625,
                "y": -54.16742706298828,
                "z": -3560.06689453125
            }
        },
        {
            "name": "eazombie2",
            "preset": {
                "x": 2620.54541015625,
                "y": -56.48999786376953,
                "z": -3413.7392578125
            }
        },
        {
            "name": "eadriving3",
            "preset": {
                "x": 2688.896728515625,
                "y": -54.82345962524414,
                "z": -2742.3125
            }
        },
        {
            "name": "eaendcard",
            "preset": {
                "x": -1858.0098876953125,
                "y": 2.179645538330078,
                "z": -2417.590087890625
            }
        },
        {
            "name": "eadriving",
            "preset": {
                "x": -531.9205322265625,
                "y": 12.057960510253907,
                "z": -2687.745361328125
            }
        },
        {
            "name": "eadriving4",
            "preset": {
                "x": -532.5352172851563,
                "y": 12.044183731079102,
                "z": -2689.526611328125
            }
        },
        {
            "name": "eahunting1",
            "preset": {
                "x": 1622.8408203125,
                "y": 91.17031860351563,
                "z": 1615.5191650390625
            }
        },
        {
            "name": "eawalkingstart",
            "preset": {
                "x": 1398.9388427734375,
                "y": 100.07472229003906,
                "z": 1805.5322265625
            }
        },
        {
            "name": "warehouse",
            "preset": {
                "x": 3076.207763671875,
                "y": -43.62000274658203,
                "z": -476.9427795410156
            }
        },
        {
            "name": "hospital",
            "preset": {
                "x": -2157.992919921875,
                "y": 68.54078674316406,
                "z": -801.50439453125
            }
        },
        {
            "name": "airport",
            "preset": {
                "x": 1715.986572265625,
                "y": 35.76252746582031,
                "z": -498.918212890625
            }
        },
        {
            "name": "police",
            "preset": {
                "x": 3453.417724609375,
                "y": -39.644004821777347,
                "z": -737.1630249023438
            }
        }
    ]
}